file,cls,repo_path
smoke/smoke_After_work_smoke_in_the_garage_smoke_h_nm_np1_fr_med_2.mp4,smoke,test/smoke_After_work_smoke_in_the_garage_smoke_h_nm_np1_fr_med_2.mp4
smoke/smoke_Buckle-Up_smoke_h_cm_np1_ri_goo_0.mp4,smoke,test/smoke_Buckle-Up_smoke_h_cm_np1_ri_goo_0.mp4
smoke/smoke_Raucher_Antiraucher_Werbung_smoke_h_cm_np1_fr_goo_2.mp4,smoke,test/smoke_Raucher_Antiraucher_Werbung_smoke_h_cm_np1_fr_goo_2.mp4
smoke/smoke_Rich_smoking_experience_smoke_h_nm_np1_fr_med_1.mp4,smoke,test/smoke_Rich_smoking_experience_smoke_h_nm_np1_fr_med_1.mp4
smoke/smoke_Sara_beim_Rauchen_-_Volume_3_smoke_h_cm_np1_fr_med_0.mp4,smoke,test/smoke_Sara_beim_Rauchen_-_Volume_3_smoke_h_cm_np1_fr_med_0.mp4
smoke/smoke_Veoh_Alpha_Dog_1_smoke_u_nm_np1_ri_med_17.mp4,smoke,test/smoke_Veoh_Alpha_Dog_1_smoke_u_nm_np1_ri_med_17.mp4
smoke/smoke_girl_smoking_a_cigarette_smoke_h_nm_np1_fr_med_2.mp4,smoke,test/smoke_girl_smoking_a_cigarette_smoke_h_nm_np1_fr_med_2.mp4
smoke/smoke_girl_smoking_smoke_h_cm_np1_ri_goo_0.mp4,smoke,test/smoke_girl_smoking_smoke_h_cm_np1_ri_goo_0.mp4
smoke/smoke_passive_rauchen_smoke_h_cm_np1_ri_med_0.mp4,smoke,test/smoke_passive_rauchen_smoke_h_cm_np1_ri_med_0.mp4
smoke/smoke_smoking_1_smoke_h_cm_np1_ri_med_1.mp4,smoke,test/smoke_smoking_1_smoke_h_cm_np1_ri_med_1.mp4
smoke/smoke_smoking_2_smoke_h_cm_np1_ba_med_4.mp4,smoke,test/smoke_smoking_2_smoke_h_cm_np1_ba_med_4.mp4
smoke/smoke_smoking_a_cigarette_smoke_h_nm_np1_fr_med_0.mp4,smoke,test/smoke_smoking_a_cigarette_smoke_h_nm_np1_fr_med_0.mp4
smoke/smoke_smoking_video_smoke_h_nm_np1_fr_goo_2.mp4,smoke,test/smoke_smoking_video_smoke_h_nm_np1_fr_goo_2.mp4
smoke/smoke_you_like_a_nice_long_white_cig_smoke_u_nm_np1_ri_goo_2.mp4,smoke,test/smoke_you_like_a_nice_long_white_cig_smoke_u_nm_np1_ri_goo_2.mp4
smoke/smoke_A_Beginners_Guide_to_Smoking_smoke_u_cm_np1_ri_bad_0.mp4,smoke,train/smoke_A_Beginners_Guide_to_Smoking_smoke_u_cm_np1_ri_bad_0.mp4
smoke/smoke_After_work_smoke_in_the_garage_smoke_h_nm_np1_fr_bad_0.mp4,smoke,train/smoke_After_work_smoke_in_the_garage_smoke_h_nm_np1_fr_bad_0.mp4
smoke/smoke_American_History_X_smoke_u_nm_np1_fr_med_43.mp4,smoke,train/smoke_American_History_X_smoke_u_nm_np1_fr_med_43.mp4
smoke/smoke_Glory_smoke_h_nm_np1_fr_goo_41.mp4,smoke,train/smoke_Glory_smoke_h_nm_np1_fr_goo_41.mp4
smoke/smoke_How_to_smoke_smoke_h_nm_np1_fr_goo_0.mp4,smoke,train/smoke_How_to_smoke_smoke_h_nm_np1_fr_goo_0.mp4
smoke/smoke_OSSER_-_Qualboro_light_-_Marlboro_Verarschung_smoke_h_cm_np1_le_bad_0.mp4,smoke,train/smoke_OSSER_-_Qualboro_light_-_Marlboro_Verarschung_smoke_h_cm_np1_le_bad_0.mp4
smoke/smoke_Rauchen_f_r_Anf_nger_smoke_h_nm_np1_fr_med_1.mp4,smoke,train/smoke_Rauchen_f_r_Anf_nger_smoke_h_nm_np1_fr_med_1.mp4
smoke/smoke_Rauchen_f_r_Anf_nger_smoke_h_nm_np1_fr_med_2.mp4,smoke,train/smoke_Rauchen_f_r_Anf_nger_smoke_h_nm_np1_fr_med_2.mp4
smoke/smoke_Raucher_TRICK_xD_smoke_h_cm_np1_fr_med_0.mp4,smoke,train/smoke_Raucher_TRICK_xD_smoke_h_cm_np1_fr_med_0.mp4
smoke/smoke_Raucher_TRICK_xD_smoke_u_cm_np1_fr_med_3.mp4,smoke,train/smoke_Raucher_TRICK_xD_smoke_u_cm_np1_fr_med_3.mp4
smoke/smoke_Return_of_the_King_11_smoke_h_nm_np1_fr_med_0.mp4,smoke,train/smoke_Return_of_the_King_11_smoke_h_nm_np1_fr_med_0.mp4
smoke/smoke_Return_of_the_King_1_smoke_h_cm_np1_fr_goo_7.mp4,smoke,train/smoke_Return_of_the_King_1_smoke_h_cm_np1_fr_goo_7.mp4
smoke/smoke_Return_of_the_King_3_smoke_h_nm_np1_fr_med_3.mp4,smoke,train/smoke_Return_of_the_King_3_smoke_h_nm_np1_fr_med_3.mp4
smoke/smoke_Rich_smoking_experience_smoke_h_nm_np1_fr_med_0.mp4,smoke,train/smoke_Rich_smoking_experience_smoke_h_nm_np1_fr_med_0.mp4
smoke/smoke_Rich_smoking_experience_smoke_h_nm_np1_le_med_3.mp4,smoke,train/smoke_Rich_smoking_experience_smoke_h_nm_np1_le_med_3.mp4
smoke/smoke_Sexy_Smoking_Girl_-_Teen_Smoking_Cigarette_smoke_u_nm_np1_fr_goo_0.mp4,smoke,train/smoke_Sexy_Smoking_Girl_-_Teen_Smoking_Cigarette_smoke_u_nm_np1_fr_goo_0.mp4
smoke/smoke_The_Fugitive_2_smoke_h_nm_np1_fr_med_23.mp4,smoke,train/smoke_The_Fugitive_2_smoke_h_nm_np1_fr_med_23.mp4
smoke/smoke_Veoh_Alpha_Dog_1_smoke_h_nm_np1_fr_goo_20.mp4,smoke,train/smoke_Veoh_Alpha_Dog_1_smoke_h_nm_np1_fr_goo_20.mp4
smoke/smoke_Veoh_Alpha_Dog_1_smoke_h_nm_np1_fr_goo_4.mp4,smoke,train/smoke_Veoh_Alpha_Dog_1_smoke_h_nm_np1_fr_goo_4.mp4
smoke/smoke_Veoh_Alpha_Dog_1_smoke_h_nm_np1_fr_med_54.mp4,smoke,train/smoke_Veoh_Alpha_Dog_1_smoke_h_nm_np1_fr_med_54.mp4
smoke/smoke_Veoh_Alpha_Dog_1_smoke_u_cm_np1_ri_goo_9.mp4,smoke,train/smoke_Veoh_Alpha_Dog_1_smoke_u_cm_np1_ri_goo_9.mp4
smoke/smoke_Veoh_Alpha_Dog_1_smoke_u_nm_np1_fr_med_10.mp4,smoke,train/smoke_Veoh_Alpha_Dog_1_smoke_u_nm_np1_fr_med_10.mp4
smoke/smoke_Veoh_Alpha_Dog_2_smoke_h_cm_np1_fr_med_4.mp4,smoke,train/smoke_Veoh_Alpha_Dog_2_smoke_h_cm_np1_fr_med_4.mp4
smoke/smoke_Veoh_Alpha_Dog_2_smoke_h_nm_np1_ri_goo_12.mp4,smoke,train/smoke_Veoh_Alpha_Dog_2_smoke_h_nm_np1_ri_goo_12.mp4
smoke/smoke_girl_smoking_a_cigarette_smoke_h_nm_np1_fr_med_1.mp4,smoke,train/smoke_girl_smoking_a_cigarette_smoke_h_nm_np1_fr_med_1.mp4
smoke/smoke_girl_smoking_smoke_h_cm_np1_ri_goo_2.mp4,smoke,train/smoke_girl_smoking_smoke_h_cm_np1_ri_goo_2.mp4
smoke/smoke_more_smoking_smoke_h_cm_np1_ri_med_2.mp4,smoke,train/smoke_more_smoking_smoke_h_cm_np1_ri_med_2.mp4
smoke/smoke_nice_smoking_girl_smoke_h_nm_np1_le_med_1.mp4,smoke,train/smoke_nice_smoking_girl_smoke_h_nm_np1_le_med_1.mp4
smoke/smoke_nice_smoking_girl_smoke_h_nm_np1_le_med_2.mp4,smoke,train/smoke_nice_smoking_girl_smoke_h_nm_np1_le_med_2.mp4
smoke/smoke_raucher_smoke_u_nm_np1_fr_med_1.mp4,smoke,train/smoke_raucher_smoke_u_nm_np1_fr_med_1.mp4
smoke/smoke_smoking_1_smoke_h_cm_np1_ri_goo_0.mp4,smoke,train/smoke_smoking_1_smoke_h_cm_np1_ri_goo_0.mp4
smoke/smoke_smoking_1_smoke_h_cm_np1_ri_med_2.mp4,smoke,train/smoke_smoking_1_smoke_h_cm_np1_ri_med_2.mp4
smoke/smoke_smoking_2_smoke_h_cm_np1_ba_med_5.mp4,smoke,train/smoke_smoking_2_smoke_h_cm_np1_ba_med_5.mp4
smoke/smoke_smoking_2_smoke_h_cm_np1_ri_med_0.mp4,smoke,train/smoke_smoking_2_smoke_h_cm_np1_ri_med_0.mp4
smoke/smoke_smoking_a_cigarette_smoke_h_nm_np1_fr_med_1.mp4,smoke,train/smoke_smoking_a_cigarette_smoke_h_nm_np1_fr_med_1.mp4
smoke/smoke_smoking_a_cigarette_smoke_h_nm_np1_fr_med_2.mp4,smoke,train/smoke_smoking_a_cigarette_smoke_h_nm_np1_fr_med_2.mp4
smoke/smoke_smoking_again_smoke_h_cm_np1_le_goo_1.mp4,smoke,train/smoke_smoking_again_smoke_h_cm_np1_le_goo_1.mp4
smoke/smoke_smoking_smoking_-_tricks!_smoke_h_nm_np1_fr_goo_0.mp4,smoke,train/smoke_smoking_smoking_-_tricks!_smoke_h_nm_np1_fr_goo_0.mp4
smoke/smoke_smoking_smoking_-_tricks!_smoke_h_nm_np1_fr_med_2.mp4,smoke,train/smoke_smoking_smoking_-_tricks!_smoke_h_nm_np1_fr_med_2.mp4
smoke/smoke_smoking_video_smoke_h_nm_np1_fr_goo_1.mp4,smoke,train/smoke_smoking_video_smoke_h_nm_np1_fr_goo_1.mp4
smoke/smoke_zigarette_rauchen_smoke_h_nm_np1_fr_med_0.mp4,smoke,train/smoke_zigarette_rauchen_smoke_h_nm_np1_fr_med_0.mp4
smoke/smoke_zigarette_rauchen_smoke_h_nm_np1_fr_med_1.mp4,smoke,train/smoke_zigarette_rauchen_smoke_h_nm_np1_fr_med_1.mp4
smoke/smoke_Laughing_Girl_smoke_u_nm_np1_ri_goo_0.mp4,smoke,validation/smoke_Laughing_Girl_smoke_u_nm_np1_ri_goo_0.mp4
smoke/smoke_Sexy_Smoking_Girl_-_Teen_Smoking_Cigarette_smoke_u_nm_np1_fr_goo_1.mp4,smoke,validation/smoke_Sexy_Smoking_Girl_-_Teen_Smoking_Cigarette_smoke_u_nm_np1_fr_goo_1.mp4
smoke/smoke_raucher_smoke_u_nm_np1_fr_med_2.mp4,smoke,validation/smoke_raucher_smoke_u_nm_np1_fr_med_2.mp4
smoke/smoke_smoking_3_smoke_h_cm_np1_le_med_0.mp4,smoke,validation/smoke_smoking_3_smoke_h_cm_np1_le_med_0.mp4
drink/drink_BLACK_HAWK_DOWN_drink_u_nm_np1_fr_goo_38.mp4,drink,test/drink_BLACK_HAWK_DOWN_drink_u_nm_np1_fr_goo_38.mp4
drink/drink_CastAway1_drink_h_cm_np1_le_goo_17.mp4,drink,test/drink_CastAway1_drink_h_cm_np1_le_goo_17.mp4
drink/drink_Oceans11_drink_h_nm_np1_fr_goo_3.mp4,drink,test/drink_Oceans11_drink_h_nm_np1_fr_goo_3.mp4
drink/drink_RATRACE_drink_u_nm_np1_ri_goo_5.mp4,drink,test/drink_RATRACE_drink_u_nm_np1_ri_goo_5.mp4
drink/drink_RETURN_OF_THE_KING_drink_h_nm_np1_ri_goo_47.mp4,drink,test/drink_RETURN_OF_THE_KING_drink_h_nm_np1_ri_goo_47.mp4
drink/drink_Return_of_the_King_13_drink_h_nm_np1_fr_goo_1.mp4,drink,test/drink_Return_of_the_King_13_drink_h_nm_np1_fr_goo_1.mp4
drink/drink_SweeneyTodd_drink_u_nm_np1_fr_goo_26.mp4,drink,test/drink_SweeneyTodd_drink_u_nm_np1_fr_goo_26.mp4
drink/drink_TheBoondockSaints_drink_u_cm_np1_fr_med_115.mp4,drink,test/drink_TheBoondockSaints_drink_u_cm_np1_fr_med_115.mp4
drink/drink_TheBoondockSaints_drink_u_nm_np1_fr_med_74.mp4,drink,test/drink_TheBoondockSaints_drink_u_nm_np1_fr_med_74.mp4
drink/drink_prideandprejudice1_drink_u_nm_np1_fr_goo_7.mp4,drink,test/drink_prideandprejudice1_drink_u_nm_np1_fr_goo_7.mp4
drink/drink_310ToYuma_drink_h_cm_np1_le_goo_3.mp4,drink,train/drink_310ToYuma_drink_h_cm_np1_le_goo_3.mp4
drink/drink_AboutABoy_drink_u_nm_np1_fr_goo_8.mp4,drink,train/drink_AboutABoy_drink_u_nm_np1_fr_goo_8.mp4
drink/drink_AmericanGangster_drink_h_nm_np1_fr_goo_69.mp4,drink,train/drink_AmericanGangster_drink_h_nm_np1_fr_goo_69.mp4
drink/drink_AmericanGangster_drink_h_nm_np1_ri_bad_4.mp4,drink,train/drink_AmericanGangster_drink_h_nm_np1_ri_bad_4.mp4
drink/drink_AmericanGangster_drink_h_nm_np1_ri_med_3.mp4,drink,train/drink_AmericanGangster_drink_h_nm_np1_ri_med_3.mp4
drink/drink_AmericanGangster_drink_u_nm_np1_le_goo_46.mp4,drink,train/drink_AmericanGangster_drink_u_nm_np1_le_goo_46.mp4
drink/drink_BATMAN_BEGINS_drink_h_nm_np1_fr_goo_13.mp4,drink,train/drink_BATMAN_BEGINS_drink_h_nm_np1_fr_goo_13.mp4
drink/drink_BIG_FISH_drink_u_nm_np1_fr_goo_5.mp4,drink,train/drink_BIG_FISH_drink_u_nm_np1_fr_goo_5.mp4
drink/drink_BRIDGETOTERABITHIA_drink_h_nm_np1_fr_goo_3.mp4,drink,train/drink_BRIDGETOTERABITHIA_drink_h_nm_np1_fr_goo_3.mp4
drink/drink_CastAway2_drink_h_cm_np1_ri_goo_6.mp4,drink,train/drink_CastAway2_drink_h_cm_np1_ri_goo_6.mp4
drink/drink_ChildrenOfMen_drink_u_cm_np1_fr_goo_2.mp4,drink,train/drink_ChildrenOfMen_drink_u_cm_np1_fr_goo_2.mp4
drink/drink_ChildrenOfMen_drink_u_nm_np1_fr_goo_0.mp4,drink,train/drink_ChildrenOfMen_drink_u_nm_np1_fr_goo_0.mp4
drink/drink_Fellowship_2_drink_u_nm_np1_fr_goo_0.mp4,drink,train/drink_Fellowship_2_drink_u_nm_np1_fr_goo_0.mp4
drink/drink_Finding_Forrester_3_drink_h_nm_np1_fr_med_16.mp4,drink,train/drink_Finding_Forrester_3_drink_h_nm_np1_fr_med_16.mp4
drink/drink_Finding_Forrester_3_drink_u_nm_np1_fr_goo_15.mp4,drink,train/drink_Finding_Forrester_3_drink_u_nm_np1_fr_goo_15.mp4
drink/drink_Gattaca_drink_h_cm_np1_fr_goo_2.mp4,drink,train/drink_Gattaca_drink_h_cm_np1_fr_goo_2.mp4
drink/drink_IamLegend_drink_h_nm_np1_fr_goo_22.mp4,drink,train/drink_IamLegend_drink_h_nm_np1_fr_goo_22.mp4
drink/drink_IndianaJonesandTheTempleofDoom_drink_h_nm_np1_fr_goo_1.mp4,drink,train/drink_IndianaJonesandTheTempleofDoom_drink_h_nm_np1_fr_goo_1.mp4
drink/drink_KUNG_FU_HUSTLE_drink_h_cm_np1_fr_goo_5.mp4,drink,train/drink_KUNG_FU_HUSTLE_drink_h_cm_np1_fr_goo_5.mp4
drink/drink_LONGESTYARD_drink_u_cm_np1_fr_med_20.mp4,drink,train/drink_LONGESTYARD_drink_u_cm_np1_fr_med_20.mp4
drink/drink_LittleChildren_drink_h_nm_np1_fr_goo_5.mp4,drink,train/drink_LittleChildren_drink_h_nm_np1_fr_goo_5.mp4
drink/drink_MeettheFockers_drink_u_nm_np1_fr_goo_10.mp4,drink,train/drink_MeettheFockers_drink_u_nm_np1_fr_goo_10.mp4
drink/drink_MeettheFockers_drink_u_nm_np1_fr_goo_6.mp4,drink,train/drink_MeettheFockers_drink_u_nm_np1_fr_goo_6.mp4
drink/drink_OldSchool_drink_u_nm_np1_ri_goo_5.mp4,drink,train/drink_OldSchool_drink_u_nm_np1_ri_goo_5.mp4
drink/drink_Pirates_5_drink_u_nm_np2_fr_med_7.mp4,drink,train/drink_Pirates_5_drink_u_nm_np2_fr_med_7.mp4
drink/drink_Prelinger_HabitPat1954_drink_u_nm_np1_fr_goo_15.mp4,drink,train/drink_Prelinger_HabitPat1954_drink_u_nm_np1_fr_goo_15.mp4
drink/drink_RATRACE_drink_h_nm_np1_fr_goo_11.mp4,drink,train/drink_RATRACE_drink_h_nm_np1_fr_goo_11.mp4
drink/drink_RETURN_OF_THE_KING_drink_f_nm_np1_fr_med_9.mp4,drink,train/drink_RETURN_OF_THE_KING_drink_f_nm_np1_fr_med_9.mp4
drink/drink_RETURN_OF_THE_KING_drink_h_nm_np1_fr_goo_54.mp4,drink,train/drink_RETURN_OF_THE_KING_drink_h_nm_np1_fr_goo_54.mp4
drink/drink_RETURN_OF_THE_KING_drink_h_nm_np1_ri_goo_13.mp4,drink,train/drink_RETURN_OF_THE_KING_drink_h_nm_np1_ri_goo_13.mp4
drink/drink_SocialSeminarTom_drink_h_nm_np1_fr_goo_0.mp4,drink,train/drink_SocialSeminarTom_drink_h_nm_np1_fr_goo_0.mp4
drink/drink_SweeneyTodd_drink_h_nm_np1_fr_bad_3.mp4,drink,train/drink_SweeneyTodd_drink_h_nm_np1_fr_bad_3.mp4
drink/drink_TheBoondockSaints_drink_u_nm_np1_fr_med_80.mp4,drink,train/drink_TheBoondockSaints_drink_u_nm_np1_fr_med_80.mp4
drink/drink_TheLastManOnearth_drink_f_cm_np1_ri_med_12.mp4,drink,train/drink_TheLastManOnearth_drink_f_cm_np1_ri_med_12.mp4
drink/drink_TheLastManOnearth_drink_u_nm_np1_fr_goo_7.mp4,drink,train/drink_TheLastManOnearth_drink_u_nm_np1_fr_goo_7.mp4
drink/drink_The_Departed_-_Part_1_drink_h_nm_np1_fr_goo_8.mp4,drink,train/drink_The_Departed_-_Part_1_drink_h_nm_np1_fr_goo_8.mp4
drink/drink_The_House_on_Haunted_Hill_drink_h_nm_np1_fr_goo_3.mp4,drink,train/drink_The_House_on_Haunted_Hill_drink_h_nm_np1_fr_goo_3.mp4
drink/drink_The_Matrix_3_drink_h_nm_np1_ri_goo_9.mp4,drink,train/drink_The_Matrix_3_drink_h_nm_np1_ri_goo_9.mp4
drink/drink_The_Matrix_3_drink_u_nm_np1_ri_med_10.mp4,drink,train/drink_The_Matrix_3_drink_u_nm_np1_ri_med_10.mp4
drink/drink_TrumanShow_drink_h_nm_np1_ri_goo_22.mp4,drink,train/drink_TrumanShow_drink_h_nm_np1_ri_goo_22.mp4
drink/drink_Two_Towers_3_drink_h_nm_np1_fr_goo_11.mp4,drink,train/drink_Two_Towers_3_drink_h_nm_np1_fr_goo_11.mp4
drink/drink_prideandprejudice1_drink_u_nm_np1_fr_goo_12.mp4,drink,train/drink_prideandprejudice1_drink_u_nm_np1_fr_goo_12.mp4
drink/drink_AmericanGangster_drink_h_nm_np1_fr_goo_53.mp4,drink,validation/drink_AmericanGangster_drink_h_nm_np1_fr_goo_53.mp4
drink/drink_AmericanGangster_drink_u_nm_np1_fr_med_39.mp4,drink,validation/drink_AmericanGangster_drink_u_nm_np1_fr_med_39.mp4
drink/drink_CastAway1_drink_u_nm_np1_ri_goo_7.mp4,drink,validation/drink_CastAway1_drink_u_nm_np1_ri_goo_7.mp4
drink/drink_RETURN_OF_THE_KING_drink_u_cm_np2_fr_goo_2.mp4,drink,validation/drink_RETURN_OF_THE_KING_drink_u_cm_np2_fr_goo_2.mp4
drink/drink_Return_of_the_King_5_drink_h_nm_np1_ri_goo_0.mp4,drink,validation/drink_Return_of_the_King_5_drink_h_nm_np1_ri_goo_0.mp4
drink/drink_Shadow_of_a_Doubt_drink_h_nm_np1_fr_goo_8.mp4,drink,validation/drink_Shadow_of_a_Doubt_drink_h_nm_np1_fr_goo_8.mp4
drink/drink_SocialSeminarChanging_drink_h_cm_np1_fr_med_0.mp4,drink,validation/drink_SocialSeminarChanging_drink_h_cm_np1_fr_med_0.mp4
drink/drink_Veoh_Alpha_Dog_1_drink_u_nm_np1_fr_goo_40.mp4,drink,validation/drink_Veoh_Alpha_Dog_1_drink_u_nm_np1_fr_goo_40.mp4
eat/eat_AmericanGangster_eat_u_cm_np1_fr_bad_62.mp4,eat,test/eat_AmericanGangster_eat_u_cm_np1_fr_bad_62.mp4
eat/eat_American_History_X_eat_h_nm_np1_fr_goo_47.mp4,eat,test/eat_American_History_X_eat_h_nm_np1_fr_goo_47.mp4
eat/eat_CastAway1_eat_h_nm_np1_fr_goo_8.mp4,eat,test/eat_CastAway1_eat_h_nm_np1_fr_goo_8.mp4
eat/eat_CharlieAndTheChocolateFactory_eat_u_nm_np1_le_med_0.mp4,eat,test/eat_CharlieAndTheChocolateFactory_eat_u_nm_np1_le_med_0.mp4
eat/eat_EVOLUTION_eat_u_cm_np1_fr_goo_16.mp4,eat,test/eat_EVOLUTION_eat_u_cm_np1_fr_goo_16.mp4
eat/eat_Glory_eat_h_cm_np1_fr_med_8.mp4,eat,test/eat_Glory_eat_h_cm_np1_fr_med_8.mp4
eat/eat_LONGESTYARD_eat_h_cm_np1_ri_goo_23.mp4,eat,test/eat_LONGESTYARD_eat_h_cm_np1_ri_goo_23.mp4
eat/eat_Oceans12_eat_h_nm_np1_fr_goo_4.mp4,eat,test/eat_Oceans12_eat_h_nm_np1_fr_goo_4.mp4
eat/eat_Pirates_3_eat_h_nm_np1_fr_goo_4.mp4,eat,test/eat_Pirates_3_eat_h_nm_np1_fr_goo_4.mp4
eat/eat_Pirates_4_eat_h_nm_np1_fr_goo_3.mp4,eat,test/eat_Pirates_4_eat_h_nm_np1_fr_goo_3.mp4
eat/eat_RETURN_OF_THE_KING_eat_h_nm_np1_ri_goo_16.mp4,eat,test/eat_RETURN_OF_THE_KING_eat_h_nm_np1_ri_goo_16.mp4
eat/eat_RETURN_OF_THE_KING_eat_u_nm_np1_le_med_15.mp4,eat,test/eat_RETURN_OF_THE_KING_eat_u_nm_np1_le_med_15.mp4
eat/eat_Return_of_the_King_5_eat_h_nm_np1_ri_goo_5.mp4,eat,test/eat_Return_of_the_King_5_eat_h_nm_np1_ri_goo_5.mp4
eat/eat_SocialSeminarGuy_eat_u_cm_np1_fr_med_0.mp4,eat,test/eat_SocialSeminarGuy_eat_u_cm_np1_fr_med_0.mp4
eat/eat_StrangerThanFiction_eat_h_nm_np1_ri_goo_4.mp4,eat,test/eat_StrangerThanFiction_eat_h_nm_np1_ri_goo_4.mp4
eat/eat_The_Matrix_Revolutions_2_eat_h_nm_np1_fr_goo_0.mp4,eat,test/eat_The_Matrix_Revolutions_2_eat_h_nm_np1_fr_goo_0.mp4
eat/eat_WeddingCrashers_eat_h_nm_np1_fr_goo_8.mp4,eat,test/eat_WeddingCrashers_eat_h_nm_np1_fr_goo_8.mp4
eat/eat_20060723sfjffdabaum_eat_h_cm_np1_fr_goo_0.mp4,eat,train/eat_20060723sfjffdabaum_eat_h_cm_np1_fr_goo_0.mp4
eat/eat_20060723sfjffsomelikeitwarmed_eat_u_cm_np1_ri_med_3.mp4,eat,train/eat_20060723sfjffsomelikeitwarmed_eat_u_cm_np1_ri_med_3.mp4
eat/eat_AMADEUS_eat_u_nm_np1_fr_med_5.mp4,eat,train/eat_AMADEUS_eat_u_nm_np1_fr_med_5.mp4
eat/eat_AMADEUS_eat_u_nm_np1_fr_med_6.mp4,eat,train/eat_AMADEUS_eat_u_nm_np1_fr_med_6.mp4
eat/eat_BIG_FISH_eat_h_nm_np1_fr_goo_15.mp4,eat,train/eat_BIG_FISH_eat_h_nm_np1_fr_goo_15.mp4
eat/eat_BIG_FISH_eat_u_nm_np1_fr_goo_19.mp4,eat,train/eat_BIG_FISH_eat_u_nm_np1_fr_goo_19.mp4
eat/eat_CastAway1_eat_u_nm_np2_fr_med_5.mp4,eat,train/eat_CastAway1_eat_u_nm_np2_fr_med_5.mp4
eat/eat_CastAway2_eat_u_nm_np1_fr_med_0.mp4,eat,train/eat_CastAway2_eat_u_nm_np1_fr_med_0.mp4
eat/eat_CharlieAndTheChocolateFactory_eat_h_nm_np1_fr_goo_10.mp4,eat,train/eat_CharlieAndTheChocolateFactory_eat_h_nm_np1_fr_goo_10.mp4
eat/eat_CharlieAndTheChocolateFactory_eat_h_nm_np1_fr_goo_21.mp4,eat,train/eat_CharlieAndTheChocolateFactory_eat_h_nm_np1_fr_goo_21.mp4
eat/eat_CharlieAndTheChocolateFactory_eat_h_nm_np1_ri_goo_6.mp4,eat,train/eat_CharlieAndTheChocolateFactory_eat_h_nm_np1_ri_goo_6.mp4
eat/eat_CharlieAndTheChocolateFactory_eat_u_nm_np1_fr_goo_22.mp4,eat,train/eat_CharlieAndTheChocolateFactory_eat_u_nm_np1_fr_goo_22.mp4
eat/eat_Crash_eat_h_cm_np1_fr_med_11.mp4,eat,train/eat_Crash_eat_h_cm_np1_fr_med_11.mp4
eat/eat_DONNIE_DARKO_eat_h_nm_np1_fr_goo_0.mp4,eat,train/eat_DONNIE_DARKO_eat_h_nm_np1_fr_goo_0.mp4
eat/eat_HP_PRISONER_OF_AZKABAN_eat_u_cm_np1_fr_goo_9.mp4,eat,train/eat_HP_PRISONER_OF_AZKABAN_eat_u_cm_np1_fr_goo_9.mp4
eat/eat_IamLegend_eat_h_nm_np1_ri_goo_26.mp4,eat,train/eat_IamLegend_eat_h_nm_np1_ri_goo_26.mp4
eat/eat_IamLegend_eat_u_nm_np1_fr_med_15.mp4,eat,train/eat_IamLegend_eat_u_nm_np1_fr_med_15.mp4
eat/eat_IamLegend_eat_u_nm_np1_ri_med_2.mp4,eat,train/eat_IamLegend_eat_u_nm_np1_ri_med_2.mp4
eat/eat_Prelinger_HabitPat1954_eat_u_nm_np1_fr_goo_17.mp4,eat,train/eat_Prelinger_HabitPat1954_eat_u_nm_np1_fr_goo_17.mp4
eat/eat_RATRACE_eat_h_nm_np1_fr_goo_12.mp4,eat,train/eat_RATRACE_eat_h_nm_np1_fr_goo_12.mp4
eat/eat_RETURN_OF_THE_KING_eat_h_nm_np1_ri_bad_17.mp4,eat,train/eat_RETURN_OF_THE_KING_eat_h_nm_np1_ri_bad_17.mp4
eat/eat_RETURN_OF_THE_KING_eat_u_nm_np1_ri_med_20.mp4,eat,train/eat_RETURN_OF_THE_KING_eat_u_nm_np1_ri_med_20.mp4
eat/eat_Return_of_the_King_1_eat_h_nm_np1_fr_goo_1.mp4,eat,train/eat_Return_of_the_King_1_eat_h_nm_np1_fr_goo_1.mp4
eat/eat_Return_of_the_King_5_eat_h_nm_np1_fr_goo_6.mp4,eat,train/eat_Return_of_the_King_5_eat_h_nm_np1_fr_goo_6.mp4
eat/eat_Return_of_the_King_5_eat_h_nm_np1_le_goo_8.mp4,eat,train/eat_Return_of_the_King_5_eat_h_nm_np1_le_goo_8.mp4
eat/eat_Return_of_the_King_5_eat_u_nm_np1_le_med_4.mp4,eat,train/eat_Return_of_the_King_5_eat_u_nm_np1_le_med_4.mp4
eat/eat_SocialSeminarChanging_eat_u_cm_np1_fr_goo_2.mp4,eat,train/eat_SocialSeminarChanging_eat_u_cm_np1_fr_goo_2.mp4
eat/eat_SocialSeminarChanging_eat_u_cm_np1_fr_med_1.mp4,eat,train/eat_SocialSeminarChanging_eat_u_cm_np1_fr_med_1.mp4
eat/eat_StrangerThanFiction_eat_u_nm_np1_ri_med_3.mp4,eat,train/eat_StrangerThanFiction_eat_u_nm_np1_ri_med_3.mp4
eat/eat_Superbad_eat_u_nm_np1_fr_goo_1.mp4,eat,train/eat_Superbad_eat_u_nm_np1_fr_goo_1.mp4
eat/eat_The_Departed_-_Part_1_eat_h_nm_np1_fr_goo_5.mp4,eat,train/eat_The_Departed_-_Part_1_eat_h_nm_np1_fr_goo_5.mp4
eat/eat_The_Departed_-_Part_1_eat_u_nm_np1_fr_goo_1.mp4,eat,train/eat_The_Departed_-_Part_1_eat_u_nm_np1_fr_goo_1.mp4
eat/eat_The_Departed_-_Part_1_eat_u_nm_np1_fr_med_2.mp4,eat,train/eat_The_Departed_-_Part_1_eat_u_nm_np1_fr_med_2.mp4
eat/eat_The_Departed_-_Part_1_eat_u_nm_np1_le_goo_0.mp4,eat,train/eat_The_Departed_-_Part_1_eat_u_nm_np1_le_goo_0.mp4
eat/eat_The_Fugitive_4_eat_h_nm_np1_fr_goo_0.mp4,eat,train/eat_The_Fugitive_4_eat_h_nm_np1_fr_goo_0.mp4
eat/eat_TrumanShow_eat_u_cm_np1_ri_med_27.mp4,eat,train/eat_TrumanShow_eat_u_cm_np1_ri_med_27.mp4
eat/eat_WeddingCrashers_eat_h_nm_np1_fr_goo_12.mp4,eat,train/eat_WeddingCrashers_eat_h_nm_np1_fr_goo_12.mp4
eat/eat_NOVA_ELEGANTUNIVERSE3_eat_h_nm_np1_ri_goo_0.mp4,eat,validation/eat_NOVA_ELEGANTUNIVERSE3_eat_h_nm_np1_ri_goo_0.mp4
eat/eat_Oceans11_eat_u_cm_np1_fr_med_7.mp4,eat,validation/eat_Oceans11_eat_u_cm_np1_fr_med_7.mp4
eat/eat_OldSchool_eat_h_nm_np1_fr_goo_20.mp4,eat,validation/eat_OldSchool_eat_h_nm_np1_fr_goo_20.mp4
eat/eat_SweeneyTodd_eat_h_nm_np1_fr_bad_1.mp4,eat,validation/eat_SweeneyTodd_eat_h_nm_np1_fr_bad_1.mp4
eat/eat_TheBoondockSaints_eat_h_nm_np1_fr_med_81.mp4,eat,validation/eat_TheBoondockSaints_eat_h_nm_np1_fr_med_81.mp4
eat/eat_The_Matrix_3_eat_h_nm_np1_fr_goo_12.mp4,eat,validation/eat_The_Matrix_3_eat_h_nm_np1_fr_goo_12.mp4
chew/chew_AMADEUS_chew_h_nm_np1_fr_goo_7.mp4,chew,test/chew_AMADEUS_chew_h_nm_np1_fr_goo_7.mp4
chew/chew_Big_League_Chew_chew_h_nm_np1_fr_goo_0.mp4,chew,test/chew_Big_League_Chew_chew_h_nm_np1_fr_goo_0.mp4
chew/chew_Bubble_blowing_3!_chew_h_nm_np1_le_bad_1.mp4,chew,test/chew_Bubble_blowing_3!_chew_h_nm_np1_le_bad_1.mp4
chew/chew_Double_bubble_in_one_big_bubble_-D_chew_h_nm_np1_fr_goo_2.mp4,chew,test/chew_Double_bubble_in_one_big_bubble_-D_chew_h_nm_np1_fr_goo_2.mp4
chew/chew_Dubble_bubble_compilation_-_all_on_8_pieces_chew_h_nm_np1_fr_med_1.mp4,chew,test/chew_Dubble_bubble_compilation_-_all_on_8_pieces_chew_h_nm_np1_fr_med_1.mp4
chew/chew_Fun_Chewing_Gum!_chew_h_nm_np1_fr_med_0.mp4,chew,test/chew_Fun_Chewing_Gum!_chew_h_nm_np1_fr_med_0.mp4
chew/chew_Massive_Bubble_Gum_Bubble_chew_h_nm_np1_le_goo_2.mp4,chew,test/chew_Massive_Bubble_Gum_Bubble_chew_h_nm_np1_le_goo_2.mp4
chew/chew_TheLittleShopofHorrors_chew_u_nm_np1_fr_med_8.mp4,chew,test/chew_TheLittleShopofHorrors_chew_u_nm_np1_fr_med_8.mp4
chew/chew_Vid_Request-_Me_Blowing_Bubbles_-P_chew_h_nm_np1_fr_med_2.mp4,chew,test/chew_Vid_Request-_Me_Blowing_Bubbles_-P_chew_h_nm_np1_fr_med_2.mp4
chew/chew_Wanda_Su_and_niece__T__blowing_bubbles_chew_u_nm_np2_fr_med_1.mp4,chew,test/chew_Wanda_Su_and_niece__T__blowing_bubbles_chew_u_nm_np2_fr_med_1.mp4
chew/chew_chewing_bubble_gum_chew_h_cm_np1_ri_bad_2.mp4,chew,test/chew_chewing_bubble_gum_chew_h_cm_np1_ri_bad_2.mp4
chew/chew_chewing_bubble_gum_chew_h_cm_np1_ri_med_1.mp4,chew,test/chew_chewing_bubble_gum_chew_h_cm_np1_ri_med_1.mp4
chew/chew_cotton_candy_bubble_gum_chew_h_nm_np1_fr_med_1.mp4,chew,test/chew_cotton_candy_bubble_gum_chew_h_nm_np1_fr_med_1.mp4
chew/chew_prideandprejudice1_chew_u_nm_np1_fr_goo_6.mp4,chew,test/chew_prideandprejudice1_chew_u_nm_np1_fr_goo_6.mp4
chew/chew_#2_Gum_chew_h_nm_np1_fr_med_0.mp4,chew,train/chew_#2_Gum_chew_h_nm_np1_fr_med_0.mp4
chew/chew_Big_League_Chew_chew_h_nm_np1_fr_goo_1.mp4,chew,train/chew_Big_League_Chew_chew_h_nm_np1_fr_goo_1.mp4
chew/chew_Big_League_Chew_chew_h_nm_np1_fr_goo_2.mp4,chew,train/chew_Big_League_Chew_chew_h_nm_np1_fr_goo_2.mp4
chew/chew_Bubble_Blowing_Bubble_Gum_chew_h_nm_np1_fr_bad_1.mp4,chew,train/chew_Bubble_Blowing_Bubble_Gum_chew_h_nm_np1_fr_bad_1.mp4
chew/chew_Bubble_blowing_3!_chew_h_nm_np1_le_bad_0.mp4,chew,train/chew_Bubble_blowing_3!_chew_h_nm_np1_le_bad_0.mp4
chew/chew_Bubble_gum!_XD_chew_h_cm_np1_fr_bad_2.mp4,chew,train/chew_Bubble_gum!_XD_chew_h_cm_np1_fr_bad_2.mp4
chew/chew_Bubble_gum!_XD_chew_h_cm_np1_fr_med_0.mp4,chew,train/chew_Bubble_gum!_XD_chew_h_cm_np1_fr_med_0.mp4
chew/chew_Bubblegum_Bubbles_chew_h_cm_np1_fr_bad_2.mp4,chew,train/chew_Bubblegum_Bubbles_chew_h_cm_np1_fr_bad_2.mp4
chew/chew_Bubblegum_Wigger_chew_h_nm_np1_fr_goo_0.mp4,chew,train/chew_Bubblegum_Wigger_chew_h_nm_np1_fr_goo_0.mp4
chew/chew_Bubblegum_Wigger_chew_h_nm_np1_fr_goo_1.mp4,chew,train/chew_Bubblegum_Wigger_chew_h_nm_np1_fr_goo_1.mp4
chew/chew_Chewing_Gum_chew_h_nm_np1_fr_med_1.mp4,chew,train/chew_Chewing_Gum_chew_h_nm_np1_fr_med_1.mp4
chew/chew_Double_bubble_in_one_big_bubble_-D_chew_h_cm_np1_fr_goo_0.mp4,chew,train/chew_Double_bubble_in_one_big_bubble_-D_chew_h_cm_np1_fr_goo_0.mp4
chew/chew_Double_bubble_in_one_big_bubble_-D_chew_h_nm_np1_fr_goo_1.mp4,chew,train/chew_Double_bubble_in_one_big_bubble_-D_chew_h_nm_np1_fr_goo_1.mp4
chew/chew_Dubble_bubble_compilation_-_all_on_8_pieces_chew_h_nm_np1_fr_med_0.mp4,chew,train/chew_Dubble_bubble_compilation_-_all_on_8_pieces_chew_h_nm_np1_fr_med_0.mp4
chew/chew_Duble_Bubble_Gum_chew_h_cm_np1_fr_bad_0.mp4,chew,train/chew_Duble_Bubble_Gum_chew_h_cm_np1_fr_bad_0.mp4
chew/chew_Duble_Bubble_Gum_chew_h_cm_np1_fr_bad_2.mp4,chew,train/chew_Duble_Bubble_Gum_chew_h_cm_np1_fr_bad_2.mp4
chew/chew_Fun_Chewing_Gum!_chew_h_nm_np1_fr_med_1.mp4,chew,train/chew_Fun_Chewing_Gum!_chew_h_nm_np1_fr_med_1.mp4
chew/chew_Fun_Chewing_Gum!_chew_h_nm_np1_fr_med_2.mp4,chew,train/chew_Fun_Chewing_Gum!_chew_h_nm_np1_fr_med_2.mp4
chew/chew_Gum_Chewing_Girl_chew_h_nm_np1_fr_med_0.mp4,chew,train/chew_Gum_Chewing_Girl_chew_h_nm_np1_fr_med_0.mp4
chew/chew_Gum_Chewing_Girl_chew_h_nm_np1_fr_med_2.mp4,chew,train/chew_Gum_Chewing_Girl_chew_h_nm_np1_fr_med_2.mp4
chew/chew_How_to_Do_Basic_Mime_Skills_-_How_to_Mime_Chewing_Gum_chew_h_cm_np1_fr_med_1.mp4,chew,train/chew_How_to_Do_Basic_Mime_Skills_-_How_to_Mime_Chewing_Gum_chew_h_cm_np1_fr_med_1.mp4
chew/chew_How_to_Do_Basic_Mime_Skills_-_How_to_Mime_Chewing_Gum_chew_h_cm_np1_fr_med_2.mp4,chew,train/chew_How_to_Do_Basic_Mime_Skills_-_How_to_Mime_Chewing_Gum_chew_h_cm_np1_fr_med_2.mp4
chew/chew_LittleChildren_chew_h_nm_np1_fr_goo_7.mp4,chew,train/chew_LittleChildren_chew_h_nm_np1_fr_goo_7.mp4
chew/chew_Loud_Chewing_chew_u_cm_np1_fr_med_0.mp4,chew,train/chew_Loud_Chewing_chew_u_cm_np1_fr_med_0.mp4
chew/chew_Loud_Chewing_chew_u_cm_np1_fr_med_1.mp4,chew,train/chew_Loud_Chewing_chew_u_cm_np1_fr_med_1.mp4
chew/chew_Mr__Bubblegum_chew_h_nm_np1_fr_med_0.mp4,chew,train/chew_Mr__Bubblegum_chew_h_nm_np1_fr_med_0.mp4
chew/chew_Mr__Bubblegum_chew_h_nm_np1_fr_med_1.mp4,chew,train/chew_Mr__Bubblegum_chew_h_nm_np1_fr_med_1.mp4
chew/chew_Scott_Can_t_Make_His_Bubblegum_Pop_chew_h_nm_np1_fr_med_0.mp4,chew,train/chew_Scott_Can_t_Make_His_Bubblegum_Pop_chew_h_nm_np1_fr_med_0.mp4
chew/chew_Sexy_girl_on_the_bed_teasing_chew_u_nm_np1_fr_med_2.mp4,chew,train/chew_Sexy_girl_on_the_bed_teasing_chew_u_nm_np1_fr_med_2.mp4
chew/chew_Sweet_Candy_Bubbles_chew_h_cm_np1_fr_med_0.mp4,chew,train/chew_Sweet_Candy_Bubbles_chew_h_cm_np1_fr_med_0.mp4
chew/chew_TheBoondockSaints_chew_h_nm_np1_fr_goo_48.mp4,chew,train/chew_TheBoondockSaints_chew_h_nm_np1_fr_goo_48.mp4
chew/chew_TheBoondockSaints_chew_u_cm_np1_le_med_35.mp4,chew,train/chew_TheBoondockSaints_chew_u_cm_np1_le_med_35.mp4
chew/chew_Vid_Request-_Me_Blowing_Bubbles_-P_chew_h_nm_np1_fr_med_0.mp4,chew,train/chew_Vid_Request-_Me_Blowing_Bubbles_-P_chew_h_nm_np1_fr_med_0.mp4
chew/chew_Wanda_Su_and_niece__T__blowing_bubbles_chew_u_nm_np2_fr_med_0.mp4,chew,train/chew_Wanda_Su_and_niece__T__blowing_bubbles_chew_u_nm_np2_fr_med_0.mp4
chew/chew_Wanda_Su_and_niece__T__blowing_bubbles_chew_u_nm_np2_fr_med_2.mp4,chew,train/chew_Wanda_Su_and_niece__T__blowing_bubbles_chew_u_nm_np2_fr_med_2.mp4
chew/chew_blondeandbubbles_chew_h_nm_np1_fr_goo_0.mp4,chew,train/chew_blondeandbubbles_chew_h_nm_np1_fr_goo_0.mp4
chew/chew_chewing_bubble_gum_chew_h_cm_np1_ri_med_0.mp4,chew,train/chew_chewing_bubble_gum_chew_h_cm_np1_ri_med_0.mp4
chew/chew_chewing_gum_1_chew_h_nm_np1_fr_goo_0.mp4,chew,train/chew_chewing_gum_1_chew_h_nm_np1_fr_goo_0.mp4
chew/chew_chewing_gum_2_chew_h_cm_np1_fr_med_0.mp4,chew,train/chew_chewing_gum_2_chew_h_cm_np1_fr_med_0.mp4
chew/chew_cotton_candy_bubble_gum_chew_h_nm_np1_fr_med_0.mp4,chew,train/chew_cotton_candy_bubble_gum_chew_h_nm_np1_fr_med_0.mp4
chew/chew_cotton_candy_bubble_gum_chew_h_nm_np1_fr_med_2.mp4,chew,train/chew_cotton_candy_bubble_gum_chew_h_nm_np1_fr_med_2.mp4
chew/chew_lol_im_so_weird___BLOWIN_BUBBLE_GUM__oops_i_burped_at_the_end_my_bad_lol_chew_h_cm_np1_fr_med_0.mp4,chew,train/chew_lol_im_so_weird___BLOWIN_BUBBLE_GUM__oops_i_burped_at_the_end_my_bad_lol_chew_h_cm_np1_fr_med_0.mp4
chew/chew_lol_im_so_weird___BLOWIN_BUBBLE_GUM__oops_i_burped_at_the_end_my_bad_lol_chew_h_cm_np1_le_med_1.mp4,chew,train/chew_lol_im_so_weird___BLOWIN_BUBBLE_GUM__oops_i_burped_at_the_end_my_bad_lol_chew_h_cm_np1_le_med_1.mp4
chew/chew_random_gum_chewing_chew_h_nm_np1_fr_med_2.mp4,chew,train/chew_random_gum_chewing_chew_h_nm_np1_fr_med_2.mp4
chew/chew_Fun_Chewing_Gum!_chew_h_nm_np2_fr_med_3.mp4,chew,validation/chew_Fun_Chewing_Gum!_chew_h_nm_np2_fr_med_3.mp4
chew/chew_Massive_Bubble_Gum_Bubble_chew_h_nm_np1_le_goo_0.mp4,chew,validation/chew_Massive_Bubble_Gum_Bubble_chew_h_nm_np1_le_goo_0.mp4
talk/talk_American_History_X_talk_h_nm_np1_fr_goo_20.mp4,talk,test/talk_American_History_X_talk_h_nm_np1_fr_goo_20.mp4
talk/talk_American_History_X_talk_u_nm_np1_fr_goo_21.mp4,talk,test/talk_American_History_X_talk_u_nm_np1_fr_goo_21.mp4
talk/talk_Hamlet_(1996)_Fencing_Scenes_talk_u_cm_np1_fr_med_0.mp4,talk,test/talk_Hamlet_(1996)_Fencing_Scenes_talk_u_cm_np1_fr_med_0.mp4
talk/talk_Italian_Job_2_talk_h_nm_np1_fr_med_6.mp4,talk,test/talk_Italian_Job_2_talk_h_nm_np1_fr_med_6.mp4
talk/talk_Pirates_5_talk_h_nm_np1_fr_goo_10.mp4,talk,test/talk_Pirates_5_talk_h_nm_np1_fr_goo_10.mp4
talk/talk_Pirates_7_talk_h_nm_np1_fr_goo_3.mp4,talk,test/talk_Pirates_7_talk_h_nm_np1_fr_goo_3.mp4
talk/talk_Prelinger_FamilyLi1949_talk_h_nm_np1_fr_goo_2.mp4,talk,test/talk_Prelinger_FamilyLi1949_talk_h_nm_np1_fr_goo_2.mp4
talk/talk_Prelinger_LetYours1940_talk_u_nm_np1_fr_med_1.mp4,talk,test/talk_Prelinger_LetYours1940_talk_u_nm_np1_fr_med_1.mp4
talk/talk_prelinger_TowardEm1954_talk_u_nm_np1_fr_med_1.mp4,talk,test/talk_prelinger_TowardEm1954_talk_u_nm_np1_fr_med_1.mp4
talk/talk_veoh_harold_and_kumar_talk_h_nm_np1_fr_goo_0.mp4,talk,test/talk_veoh_harold_and_kumar_talk_h_nm_np1_fr_goo_0.mp4
talk/talk_Faith_Rewarded_talk_h_nm_np1_fr_goo_46.mp4,talk,train/talk_Faith_Rewarded_talk_h_nm_np1_fr_goo_46.mp4
talk/talk_Faith_Rewarded_talk_h_nm_np1_fr_goo_92.mp4,talk,train/talk_Faith_Rewarded_talk_h_nm_np1_fr_goo_92.mp4
talk/talk_Fellowship_2_talk_h_nm_np1_fr_bad_6.mp4,talk,train/talk_Fellowship_2_talk_h_nm_np1_fr_bad_6.mp4
talk/talk_Fellowship_4_talk_u_nm_np1_fr_med_0.mp4,talk,train/talk_Fellowship_4_talk_u_nm_np1_fr_med_0.mp4
talk/talk_Fellowship_6_talk_h_cm_np1_fr_goo_14.mp4,talk,train/talk_Fellowship_6_talk_h_cm_np1_fr_goo_14.mp4
talk/talk_Italian_Job_3_talk_h_nm_np1_ri_med_0.mp4,talk,train/talk_Italian_Job_3_talk_h_nm_np1_ri_med_0.mp4
talk/talk_Pirates_1_talk_h_nm_np1_ri_med_1.mp4,talk,train/talk_Pirates_1_talk_h_nm_np1_ri_med_1.mp4
talk/talk_Pirates_1_talk_u_nm_np1_fr_med_6.mp4,talk,train/talk_Pirates_1_talk_u_nm_np1_fr_med_6.mp4
talk/talk_Pirates_2_talk_h_nm_np1_fr_goo_1.mp4,talk,train/talk_Pirates_2_talk_h_nm_np1_fr_goo_1.mp4
talk/talk_Pirates_7_talk_u_nm_np1_fr_med_5.mp4,talk,train/talk_Pirates_7_talk_u_nm_np1_fr_med_5.mp4
talk/talk_Prelinger_ActYourA1949_talk_h_nm_np1_fr_goo_15.mp4,talk,train/talk_Prelinger_ActYourA1949_talk_h_nm_np1_fr_goo_15.mp4
talk/talk_Prelinger_ActYourA1949_talk_u_nm_np1_fr_med_4.mp4,talk,train/talk_Prelinger_ActYourA1949_talk_u_nm_np1_fr_med_4.mp4
talk/talk_Prelinger_FamilyLi1949_talk_h_cm_np1_le_goo_17.mp4,talk,train/talk_Prelinger_FamilyLi1949_talk_h_cm_np1_le_goo_17.mp4
talk/talk_Prelinger_FamilyLi1949_talk_h_nm_np1_fr_goo_14.mp4,talk,train/talk_Prelinger_FamilyLi1949_talk_h_nm_np1_fr_goo_14.mp4
talk/talk_Prelinger_FamilyLi1949_talk_h_nm_np1_fr_goo_18.mp4,talk,train/talk_Prelinger_FamilyLi1949_talk_h_nm_np1_fr_goo_18.mp4
talk/talk_Prelinger_FamilyLi1949_talk_h_nm_np1_fr_goo_19.mp4,talk,train/talk_Prelinger_FamilyLi1949_talk_h_nm_np1_fr_goo_19.mp4
talk/talk_Prelinger_FamilyLi1949_talk_h_nm_np1_fr_goo_24.mp4,talk,train/talk_Prelinger_FamilyLi1949_talk_h_nm_np1_fr_goo_24.mp4
talk/talk_Prelinger_FamilyLi1949_talk_h_nm_np1_fr_med_10.mp4,talk,train/talk_Prelinger_FamilyLi1949_talk_h_nm_np1_fr_med_10.mp4
talk/talk_Prelinger_FamilyLi1949_talk_u_nm_np1_ri_med_23.mp4,talk,train/talk_Prelinger_FamilyLi1949_talk_u_nm_np1_ri_med_23.mp4
talk/talk_TheBoondockSaints_talk_h_cm_np1_fr_med_12.mp4,talk,train/talk_TheBoondockSaints_talk_h_cm_np1_fr_med_12.mp4
talk/talk_The_Fugitive_3_talk_u_nm_np1_fr_med_4.mp4,talk,train/talk_The_Fugitive_3_talk_u_nm_np1_fr_med_4.mp4
talk/talk_The_Fugitive_6_talk_h_nm_np1_fr_goo_3.mp4,talk,train/talk_The_Fugitive_6_talk_h_nm_np1_fr_goo_3.mp4
talk/talk_The_Matrix_3_talk_h_nm_np1_fr_goo_13.mp4,talk,train/talk_The_Matrix_3_talk_h_nm_np1_fr_goo_13.mp4
talk/talk_The_Matrix_5_talk_u_cm_np1_ri_goo_0.mp4,talk,train/talk_The_Matrix_5_talk_u_cm_np1_ri_goo_0.mp4
talk/talk_Two_Towers_5_talk_h_nm_np1_fr_goo_5.mp4,talk,train/talk_Two_Towers_5_talk_h_nm_np1_fr_goo_5.mp4
talk/talk_Two_Towers_7_talk_h_cm_np1_fr_goo_0.mp4,talk,train/talk_Two_Towers_7_talk_h_cm_np1_fr_goo_0.mp4
talk/talk_jonhs_netfreemovies_holygrail_talk_h_cm_np1_ri_med_14.mp4,talk,train/talk_jonhs_netfreemovies_holygrail_talk_h_cm_np1_ri_med_14.mp4
talk/talk_jonhs_netfreemovies_holygrail_talk_h_nm_np1_fr_goo_12.mp4,talk,train/talk_jonhs_netfreemovies_holygrail_talk_h_nm_np1_fr_goo_12.mp4
talk/talk_jonhs_netfreemovies_holygrail_talk_h_nm_np1_fr_med_1.mp4,talk,train/talk_jonhs_netfreemovies_holygrail_talk_h_nm_np1_fr_med_1.mp4
talk/talk_jonhs_netfreemovies_holygrail_talk_h_nm_np1_fr_med_6.mp4,talk,train/talk_jonhs_netfreemovies_holygrail_talk_h_nm_np1_fr_med_6.mp4
talk/talk_jonhs_netfreemovies_holygrail_talk_h_nm_np1_fr_med_7.mp4,talk,train/talk_jonhs_netfreemovies_holygrail_talk_h_nm_np1_fr_med_7.mp4
talk/talk_jonhs_netfreemovies_holygrail_talk_u_nm_np1_le_med_17.mp4,talk,train/talk_jonhs_netfreemovies_holygrail_talk_u_nm_np1_le_med_17.mp4
talk/talk_prelinger_ControlY1950_talk_h_nm_np1_fr_goo_3.mp4,talk,train/talk_prelinger_ControlY1950_talk_h_nm_np1_fr_goo_3.mp4
talk/talk_prelinger_LetsPlay1949_talk_h_nm_np1_fr_goo_18.mp4,talk,train/talk_prelinger_LetsPlay1949_talk_h_nm_np1_fr_goo_18.mp4
talk/talk_prelinger_LetsPlay1949_talk_u_nm_np1_fr_med_20.mp4,talk,train/talk_prelinger_LetsPlay1949_talk_u_nm_np1_fr_med_20.mp4
talk/talk_veoh_harold_and_kumar_talk_h_nm_np1_fr_goo_12.mp4,talk,train/talk_veoh_harold_and_kumar_talk_h_nm_np1_fr_goo_12.mp4
talk/talk_veoh_harold_and_kumar_talk_h_nm_np1_fr_med_18.mp4,talk,train/talk_veoh_harold_and_kumar_talk_h_nm_np1_fr_med_18.mp4
talk/talk_veoh_harold_and_kumar_talk_u_cm_np1_fr_goo_16.mp4,talk,train/talk_veoh_harold_and_kumar_talk_u_cm_np1_fr_goo_16.mp4
talk/talk_veoh_harold_and_kumar_talk_u_nm_np1_fr_goo_1.mp4,talk,train/talk_veoh_harold_and_kumar_talk_u_nm_np1_fr_goo_1.mp4
talk/talk_veoh_harold_and_kumar_talk_u_nm_np1_fr_goo_14.mp4,talk,train/talk_veoh_harold_and_kumar_talk_u_nm_np1_fr_goo_14.mp4
talk/talk_Faith_Rewarded_talk_h_nm_np1_fr_goo_90.mp4,talk,validation/talk_Faith_Rewarded_talk_h_nm_np1_fr_goo_90.mp4
talk/talk_Fellowship_3_talk_h_nm_np1_fr_goo_1.mp4,talk,validation/talk_Fellowship_3_talk_h_nm_np1_fr_goo_1.mp4
talk/talk_Fellowship_6_talk_u_cm_np1_fr_med_6.mp4,talk,validation/talk_Fellowship_6_talk_u_cm_np1_fr_med_6.mp4
talk/talk_Prelinger_ActYourA1949_talk_u_nm_np1_fr_med_3.mp4,talk,validation/talk_Prelinger_ActYourA1949_talk_u_nm_np1_fr_med_3.mp4
talk/talk_Prelinger_HabitPat1954_talk_f_nm_np1_fr_med_7.mp4,talk,validation/talk_Prelinger_HabitPat1954_talk_f_nm_np1_fr_med_7.mp4
talk/talk_Return_of_the_King_2_talk_h_cm_np1_fr_goo_6.mp4,talk,validation/talk_Return_of_the_King_2_talk_h_cm_np1_fr_goo_6.mp4
talk/talk_Return_of_the_King_3_talk_h_nm_np1_fr_goo_2.mp4,talk,validation/talk_Return_of_the_King_3_talk_h_nm_np1_fr_goo_2.mp4
talk/talk_prelinger_ControlY1950_talk_h_nm_np1_ri_goo_16.mp4,talk,validation/talk_prelinger_ControlY1950_talk_h_nm_np1_ri_goo_16.mp4
talk/talk_prelinger_TowardEm1954_talk_h_nm_np1_le_goo_6.mp4,talk,validation/talk_prelinger_TowardEm1954_talk_h_nm_np1_le_goo_6.mp4
talk/talk_prelinger_TowardEm1954_talk_u_cm_np1_fr_med_0.mp4,talk,validation/talk_prelinger_TowardEm1954_talk_u_cm_np1_fr_med_0.mp4
smile/smile_Glory_smile_h_nm_np1_fr_med_5.mp4,smile,test/smile_Glory_smile_h_nm_np1_fr_med_5.mp4
smile/smile_Prelinger_HabitPat1954_smile_h_nm_np1_fr_goo_27.mp4,smile,test/smile_Prelinger_HabitPat1954_smile_h_nm_np1_fr_goo_27.mp4
smile/smile_Re-_Show_your_Smile!_10_smile_h_nm_np1_fr_goo_0.mp4,smile,test/smile_Re-_Show_your_Smile!_10_smile_h_nm_np1_fr_goo_0.mp4
smile/smile_SE7EN_SMILES_x3_smile_h_nm_np1_fr_med_2.mp4,smile,test/smile_SE7EN_SMILES_x3_smile_h_nm_np1_fr_med_2.mp4
smile/smile_YouTube_smiles!_smile_h_cm_np1_fr_bad_37.mp4,smile,test/smile_YouTube_smiles!_smile_h_cm_np1_fr_bad_37.mp4
smile/smile_YouTube_smiles!_smile_h_cm_np1_fr_goo_0.mp4,smile,test/smile_YouTube_smiles!_smile_h_cm_np1_fr_goo_0.mp4
smile/smile_YouTube_smiles!_smile_h_cm_np1_fr_goo_28.mp4,smile,test/smile_YouTube_smiles!_smile_h_cm_np1_fr_goo_28.mp4
smile/smile_YouTube_smiles!_smile_h_nm_np1_fr_bad_18.mp4,smile,test/smile_YouTube_smiles!_smile_h_nm_np1_fr_bad_18.mp4
smile/smile_YouTube_smiles!_smile_h_nm_np1_fr_bad_27.mp4,smile,test/smile_YouTube_smiles!_smile_h_nm_np1_fr_bad_27.mp4
smile/smile_YouTube_smiles!_smile_h_nm_np1_fr_med_11.mp4,smile,test/smile_YouTube_smiles!_smile_h_nm_np1_fr_med_11.mp4
smile/smile_my_smile_smile_h_cm_np1_fr_goo_0.mp4,smile,test/smile_my_smile_smile_h_cm_np1_fr_goo_0.mp4
smile/smile_showyoursmile_smile_h_nm_np1_fr_goo_0.mp4,smile,test/smile_showyoursmile_smile_h_nm_np1_fr_goo_0.mp4
smile/smile_Me_smiling_smile_h_nm_np1_fr_goo_0.mp4,smile,train/smile_Me_smiling_smile_h_nm_np1_fr_goo_0.mp4
smile/smile_MySmile_smile_h_nm_np1_fr_goo_0.mp4,smile,train/smile_MySmile_smile_h_nm_np1_fr_goo_0.mp4
smile/smile_My_smileEh_smile_h_nm_np1_fr_goo_0.mp4,smile,train/smile_My_smileEh_smile_h_nm_np1_fr_goo_0.mp4
smile/smile_Pirates_3_smile_h_nm_np1_ri_goo_1.mp4,smile,train/smile_Pirates_3_smile_h_nm_np1_ri_goo_1.mp4
smile/smile_Prelinger_ActYourA1949_smile_u_nm_np1_fr_med_19.mp4,smile,train/smile_Prelinger_ActYourA1949_smile_u_nm_np1_fr_med_19.mp4
smile/smile_Re-_Show_your_Smile!_1_smile_h_nm_np1_fr_goo_0.mp4,smile,train/smile_Re-_Show_your_Smile!_1_smile_h_nm_np1_fr_goo_0.mp4
smile/smile_Re-_Show_your_Smile!_7_smile_h_nm_np1_fr_med_0.mp4,smile,train/smile_Re-_Show_your_Smile!_7_smile_h_nm_np1_fr_med_0.mp4
smile/smile_Re-_Show_your_Smile!_8_smile_h_nm_np1_fr_goo_0.mp4,smile,train/smile_Re-_Show_your_Smile!_8_smile_h_nm_np1_fr_goo_0.mp4
smile/smile_Re-_Show_your_Smile!_9_smile_h_nm_np1_fr_med_0.mp4,smile,train/smile_Re-_Show_your_Smile!_9_smile_h_nm_np1_fr_med_0.mp4
smile/smile_Return_of_the_King_1_smile_h_nm_np1_fr_goo_6.mp4,smile,train/smile_Return_of_the_King_1_smile_h_nm_np1_fr_goo_6.mp4
smile/smile_SE7EN_SMILES_x3_smile_h_cm_np1_fr_goo_5.mp4,smile,train/smile_SE7EN_SMILES_x3_smile_h_cm_np1_fr_goo_5.mp4
smile/smile_SE7EN_SMILES_x3_smile_h_cm_np1_fr_goo_9.mp4,smile,train/smile_SE7EN_SMILES_x3_smile_h_cm_np1_fr_goo_9.mp4
smile/smile_SE7EN_SMILES_x3_smile_h_cm_np1_fr_med_10.mp4,smile,train/smile_SE7EN_SMILES_x3_smile_h_cm_np1_fr_med_10.mp4
smile/smile_SE7EN_SMILES_x3_smile_h_nm_np1_fr_bad_7.mp4,smile,train/smile_SE7EN_SMILES_x3_smile_h_nm_np1_fr_bad_7.mp4
smile/smile_SE7EN_SMILES_x3_smile_h_nm_np1_fr_med_1.mp4,smile,train/smile_SE7EN_SMILES_x3_smile_h_nm_np1_fr_med_1.mp4
smile/smile_SE7EN_SMILES_x3_smile_h_nm_np1_fr_med_8.mp4,smile,train/smile_SE7EN_SMILES_x3_smile_h_nm_np1_fr_med_8.mp4
smile/smile_SMILES_FROM_OFF_THE_ROAD_2_-TREASURING_THE_GIRLCHILD_smile_h_cm_np1_fr_bad_1.mp4,smile,train/smile_SMILES_FROM_OFF_THE_ROAD_2_-TREASURING_THE_GIRLCHILD_smile_h_cm_np1_fr_bad_1.mp4
smile/smile_SMILES_FROM_OFF_THE_ROAD_2_-TREASURING_THE_GIRLCHILD_smile_h_nm_np1_fr_med_3.mp4,smile,train/smile_SMILES_FROM_OFF_THE_ROAD_2_-TREASURING_THE_GIRLCHILD_smile_h_nm_np1_fr_med_3.mp4
smile/smile_SMILES_FROM_OFF_THE_ROAD_3_-TRAVELS_WITH_A_HAT_smile_h_nm_np1_fr_goo_3.mp4,smile,train/smile_SMILES_FROM_OFF_THE_ROAD_3_-TRAVELS_WITH_A_HAT_smile_h_nm_np1_fr_goo_3.mp4
smile/smile_SMILES_FROM_OFF_THE_ROAD_3_-TRAVELS_WITH_A_HAT_smile_h_nm_np1_fr_med_1.mp4,smile,train/smile_SMILES_FROM_OFF_THE_ROAD_3_-TRAVELS_WITH_A_HAT_smile_h_nm_np1_fr_med_1.mp4
smile/smile_Show_Your_Smile_-)_1_smile_h_nm_np1_fr_goo_0.mp4,smile,train/smile_Show_Your_Smile_-)_1_smile_h_nm_np1_fr_goo_0.mp4
smile/smile_Two_Towers_3_smile_h_nm_np1_fr_goo_7.mp4,smile,train/smile_Two_Towers_3_smile_h_nm_np1_fr_goo_7.mp4
smile/smile_YouTube_smiles!_smile_h_cm_np1_fr_bad_5.mp4,smile,train/smile_YouTube_smiles!_smile_h_cm_np1_fr_bad_5.mp4
smile/smile_YouTube_smiles!_smile_h_cm_np1_fr_med_2.mp4,smile,train/smile_YouTube_smiles!_smile_h_cm_np1_fr_med_2.mp4
smile/smile_YouTube_smiles!_smile_h_nm_np1_fr_goo_10.mp4,smile,train/smile_YouTube_smiles!_smile_h_nm_np1_fr_goo_10.mp4
smile/smile_YouTube_smiles!_smile_h_nm_np1_fr_goo_29.mp4,smile,train/smile_YouTube_smiles!_smile_h_nm_np1_fr_goo_29.mp4
smile/smile_YouTube_smiles!_smile_h_nm_np1_fr_goo_33.mp4,smile,train/smile_YouTube_smiles!_smile_h_nm_np1_fr_goo_33.mp4
smile/smile_YouTube_smiles!_smile_h_nm_np1_fr_goo_6.mp4,smile,train/smile_YouTube_smiles!_smile_h_nm_np1_fr_goo_6.mp4
smile/smile_YouTube_smiles!_smile_h_nm_np1_fr_goo_7.mp4,smile,train/smile_YouTube_smiles!_smile_h_nm_np1_fr_goo_7.mp4
smile/smile_YouTube_smiles!_smile_h_nm_np1_fr_med_13.mp4,smile,train/smile_YouTube_smiles!_smile_h_nm_np1_fr_med_13.mp4
smile/smile_YouTube_smiles!_smile_h_nm_np1_fr_med_15.mp4,smile,train/smile_YouTube_smiles!_smile_h_nm_np1_fr_med_15.mp4
smile/smile_YouTube_smiles!_smile_h_nm_np1_fr_med_19.mp4,smile,train/smile_YouTube_smiles!_smile_h_nm_np1_fr_med_19.mp4
smile/smile_YouTube_smiles!_smile_h_nm_np1_fr_med_23.mp4,smile,train/smile_YouTube_smiles!_smile_h_nm_np1_fr_med_23.mp4
smile/smile_YouTube_smiles!_smile_h_nm_np1_fr_med_36.mp4,smile,train/smile_YouTube_smiles!_smile_h_nm_np1_fr_med_36.mp4
smile/smile_prelinger_LetsPlay1949_smile_h_nm_np1_fr_goo_27.mp4,smile,train/smile_prelinger_LetsPlay1949_smile_h_nm_np1_fr_goo_27.mp4
smile/smile_prelinger_LetsPlay1949_smile_h_nm_np1_le_goo_25.mp4,smile,train/smile_prelinger_LetsPlay1949_smile_h_nm_np1_le_goo_25.mp4
smile/smile_prelinger_LetsPlay1949_smile_u_nm_np1_fr_med_24.mp4,smile,train/smile_prelinger_LetsPlay1949_smile_u_nm_np1_fr_med_24.mp4
smile/smile_prelinger_LetsPlay1949_smile_u_nm_np1_ri_med_21.mp4,smile,train/smile_prelinger_LetsPlay1949_smile_u_nm_np1_ri_med_21.mp4
smile/smile_prelinger_they_grow_up_so_fast_1_smile_u_nm_np1_fr_med_0.mp4,smile,train/smile_prelinger_they_grow_up_so_fast_1_smile_u_nm_np1_fr_med_0.mp4
smile/smile_show_your_smile_-)_smile_h_nm_np1_fr_med_0.mp4,smile,train/smile_show_your_smile_-)_smile_h_nm_np1_fr_med_0.mp4
smile/smile_youtube_smile_response_smile_h_nm_np1_fr_goo_0.mp4,smile,train/smile_youtube_smile_response_smile_h_nm_np1_fr_goo_0.mp4
smile/smile_For_youtube_smiles_smile_h_nm_np1_fr_med_0.mp4,smile,validation/smile_For_youtube_smiles_smile_h_nm_np1_fr_med_0.mp4
smile/smile_Re-_Show_Your_Smile_smile_h_nm_np1_fr_goo_0.mp4,smile,validation/smile_Re-_Show_Your_Smile_smile_h_nm_np1_fr_goo_0.mp4
smile/smile_YouTube_smiles!_smile_h_cm_np1_fr_goo_34.mp4,smile,validation/smile_YouTube_smiles!_smile_h_cm_np1_fr_goo_34.mp4
smile/smile_YouTube_smiles!_smile_h_nm_np1_fr_goo_22.mp4,smile,validation/smile_YouTube_smiles!_smile_h_nm_np1_fr_goo_22.mp4
smile/smile_YouTube_smiles!_smile_h_nm_np1_fr_med_20.mp4,smile,validation/smile_YouTube_smiles!_smile_h_nm_np1_fr_med_20.mp4
smile/smile_YouTube_smiles!_smile_h_nm_np1_fr_med_4.mp4,smile,validation/smile_YouTube_smiles!_smile_h_nm_np1_fr_med_4.mp4
smile/smile_YouTube_smiles!_smile_h_nm_np1_fr_med_8.mp4,smile,validation/smile_YouTube_smiles!_smile_h_nm_np1_fr_med_8.mp4
