video,t0,t1,kind,note,confidence
курение__sm_6,2.8,6.6,puff_like,женщина в голубой куртке: рука с сигаретой у рта; дым виден на 0 и 9 с; d=0.40-0.50,high
курение__sm_6,10.6,13.8,puff_like,вторая затяжка (d=0.42-0.50),high
курение__sm_6,17.0,18.9,puff_like,третья затяжка (d=0.42-0.61),med
курение__5,1.5,6.2,hand_at_mouth_long,крупный план: сигарета у губ ~4 с подряд; запястье далеко от рта (d=1.1-1.4),high
курение__sm_2,10.6,11.7,puff_like,мужчина с красной сумкой: короткий жест кисть-рот (d=0.42),med
курение__sm_2,17.0,21.3,puff_like,рука у рта ~4 с (d=0.26-0.32); автомат с порогами руководства цикл нашёл,high
курение__sm_4,0.0,6.8,hand_at_mouth_long,женщина в красно-чёрной куртке: рука у лица ~7 с подряд (d=0.39-0.60); виден дым — сигарета держится у рта между затяжками,high
курение__sm_5,13.7,14.8,puff_like,один жест в конце клипа (d=0.32),med
курение__sm_9,3.6,7.6,puff_like,женщина в розовой шапке: рука у рта ~4 с (d=0.51-0.56),high
лжекурение__1_drink,13.8,17.6,drink,женщина у озера пьёт из прозрачной бутылки: d=0.39-0.41 как при курении; голова слегка запрокинута,high
лжекурение__1_drink,22.6,26.8,drink,второе питьё (d=0.38-0.44),high
курение___88,1.6,3.6,other_at_mouth,мужчина в чёрной куртке: рука у головы 2 с (d=0.67-0.77) — телефон или курение неясно; дальше рука опущена (держит синий предмет),low
