y,group,oof_lr_small,oof_lr_all,oof_gb,oof_ensemble
1,курение__1,0.7379604654829108,0.5594042807025442,0.6543926048799984,0.6505857836884845
1,курение__1,0.6340870906266659,0.52176512263622,0.5365278275572037,0.5641266802733632
1,курение__1,0.8115708839860251,0.6069929590586763,0.7951198522273512,0.7378945650906842
1,курение__1,0.10725896570378138,0.2733668267006257,0.05512877782787664,0.14525152341076122
1,курение__1,0.10220654667802306,0.28644214438469034,0.06882263212826628,0.1524904410636599
1,курение__1,0.884129322099245,0.630908336236302,0.9362988772379742,0.817112178524507
1,курение__1,0.5532770713046137,0.4678866742644012,0.45886135572024633,0.4933417004297538
1,курение__1,0.5868443404942976,0.4573403679101273,0.2890144252268073,0.4443997112104108
0,курение__2,0.8065332812911035,0.6193366643083207,0.8391796633352225,0.7550165363115489
1,курение__2025_10_22_12_38_57,0.8010744524881559,0.6170497293230396,0.8997715554252451,0.7726319124121469
1,курение__2025_10_22_12_38_57,0.9461102452446429,0.8577332215361386,0.9362507331234665,0.9133647333014161
1,курение__2025_10_22_12_38_57,0.7829294720396017,0.6477026608443375,0.8120180984998061,0.7475500771279151
1,курение__2025_10_22_12_38_57,0.9388183375869064,0.8415618141855354,0.9243134937924931,0.9015645485216449
1,курение__2025_10_22_12_38_57,0.8462458969787967,0.7704225506716132,0.8697510062844198,0.8288064846449433
1,курение__2025_10_22_12_38_57,0.7964056315561537,0.6133033586007139,0.7467556605738661,0.718821550243578
1,курение__2025_10_22_12_38_57,0.8591422003157314,0.7371053551343949,0.886945732980718,0.8277310961436148
1,курение__2025_10_22_12_38_57,0.7894650366922962,0.6875512530519791,0.7181807056778748,0.7317323318073834
0,курение__2025_10_22_12_38_57,0.12173389979681606,0.2889838867320763,0.18635113428902836,0.19902297360597357
1,курение__2025_10_22_12_38_57,0.9351551691538246,0.8111447204861897,0.915275264630089,0.8871917180900345
1,курение__2025_10_22_12_38_57,0.6095951060522075,0.5530594372966935,0.6205252348875383,0.5943932594121464
1,курение__2025_10_22_12_38_57,0.9357241589738166,0.6703048395378293,0.9403565621961312,0.8487951869025924
0,курение__2025_10_22_12_38_57,0.22982645069502658,0.3105309186095063,0.10715339605675682,0.21583692178709657
0,курение__2025_10_22_12_38_57,0.12464444880802758,0.3000531293820297,0.1281860728317627,0.18429455034060668
0,курение__2025_10_22_12_38_57,0.1511811323162773,0.35417742543013475,0.15451741622612902,0.21995865799084702
0,курение__2025_10_22_12_38_57,0.9799123062874108,0.8240660949436478,0.9321215280880887,0.9120333097730491
0,курение__2025_10_22_12_38_57,0.28597401736528044,0.41057944439776206,0.2277677829921474,0.3081070815850633
0,курение__2025_10_22_12_38_57,0.41414674306646165,0.4755344622692209,0.741295302646178,0.5436588359939535
0,курение__2025_10_22_12_38_57,0.14128945868651252,0.35831950526887113,0.15525760925786858,0.21828885773775075
0,курение__2025_10_22_12_38_57,0.4686151580421537,0.5364742611821676,0.7383928091514704,0.5811607427919306
0,курение__2025_10_22_12_38_57,0.11978916819592222,0.3871479617267415,0.14189553228506152,0.21627755406924173
0,курение__2025_10_22_12_38_57,0.13013296771456337,0.2441620836127112,0.05740401342681254,0.14389968825136237
1,курение__2025_10_22_12_38_57,0.3037845347444364,0.32590188782826573,0.15400430522288486,0.261230242598529
0,курение__2025_10_22_12_38_57,0.9753874655932769,0.5512304822287646,0.4921306898042124,0.6729162125420847
0,курение__2025_10_22_12_38_57,0.37354678535120384,0.44046306996999895,0.36078528628424456,0.3915983805351491
0,курение__2025_10_22_12_38_57,0.46526235294588886,0.4144513585282724,0.2857957260384882,0.38850314583754986
0,курение__2025_10_22_12_38_57,0.22566995444624965,0.3084066830394523,0.06541769977804879,0.1998314457545836
0,курение__2025_10_22_12_38_57,0.633446759561358,0.4586680264777562,0.3650204369702751,0.48571174100312975
0,курение__2025_10_22_12_38_57,0.1099183453661184,0.34271904255681374,0.16742801403760388,0.20668846732017868
1,курение__2025_10_22_12_38_57,0.3702253862904467,0.2917578244216127,0.1744176336888586,0.2788002814669726
1,курение__2025_12_08_13_02_26,0.22223451988798235,0.31197442253944535,0.09295235050721194,0.20905376431154654
1,курение__2025_12_08_13_02_26,0.4407650916021983,0.5054091618880173,0.17914034808690255,0.3751048671923727
1,курение__2025_12_08_13_02_26,0.6220504739503836,0.6034813719880618,0.2776099288320259,0.5010472582568238
1,курение__2025_12_08_13_02_26,0.3732104106378911,0.48826458777999343,0.1663539316776464,0.342609643365177
1,курение__2025_12_08_13_02_26,0.20798030008492843,0.3705143273063821,0.1441383759388591,0.24087766777672318
1,курение__2025_12_08_13_02_26,0.1445512310815727,0.33156817225274604,0.06999949281854798,0.18203963205095555
1,курение__2025_12_08_13_02_26,0.7334578561843731,0.6186042190515424,0.6703306374670606,0.6741309042343252
1,курение__2025_12_08_13_02_26,0.8630605804904936,0.7096847559236197,0.8277756006971515,0.8001736457037549
1,курение__2025_12_08_13_02_26,0.7684499306979903,0.5999832822729525,0.3129650842835946,0.5604660990848457
1,курение__2025_12_08_13_02_26,0.8426225149344809,0.7023098398309412,0.6227344541580353,0.7225556029744858
0,курение__2025_12_08_13_02_26,0.12239538832714825,0.3231337514632985,0.09906082350658704,0.18152998776567794
1,курение__2025_12_08_13_02_26,0.776033230183996,0.6563360428492617,0.593725659609437,0.6753649775475649
1,курение__2025_12_08_13_02_26,0.5275409667411972,0.44559953312919465,0.25679087837009856,0.40997712608016346
1,курение__2025_12_08_13_02_26,0.47367684972164303,0.46695401137586,0.3242890390348249,0.42163996671077597
1,курение__2025_12_08_13_02_26,0.20567306858708662,0.41694319743523867,0.2479089946133067,0.29017508687854404
1,курение__2025_12_08_13_02_26,0.6944626590478441,0.5250684606753666,0.5450233634970078,0.5881848277400729
1,курение__2025_12_08_13_02_26,0.8413500727312277,0.6484486247788099,0.4912573714922687,0.6603520230007688
1,курение__2025_12_08_13_02_26,0.4571001156023541,0.43608308382495614,0.4922193156238429,0.46180083835038443
1,курение__2025_12_08_13_02_26,0.28499056637500353,0.22512909914561158,0.1424038719897069,0.217507845836774
1,курение__2025_12_08_13_02_26,0.4011146156541273,0.3289129335021779,0.15313423924435784,0.29438726280022104
1,курение__2025_12_08_13_02_26,0.824100423718314,0.5603552303185493,0.30451458180574853,0.562990078614204
1,курение__3,0.7692639221389317,0.5258332292041747,0.607744113095177,0.6342804214794278
1,курение__3,0.7214570030070647,0.6058616870295944,0.372316668038168,0.5665451193582757
1,курение__3,0.9901751179084097,0.9342625738184649,0.8986119914686881,0.9410165610651875
1,курение__3,0.7680666606376534,0.6084104631664367,0.7595736638332797,0.7120169292124565
1,курение__3,0.8111488450443589,0.7679553785262092,0.8391214763163395,0.8060752332956359
1,курение__3,0.9038164923962754,0.7071514869772793,0.8393898939821034,0.8167859577852195
1,курение__3,0.9396489001357976,0.7317276004652594,0.8581434760939795,0.8431733255650121
1,курение__3,0.993454117254154,0.8792982481309494,0.6354177375417299,0.836056700975611
1,курение__4,0.3794220831221642,0.5854864335488857,0.6626041807746053,0.5425042324818851
1,курение__4,0.20625589711639183,0.4664684137870555,0.24477874776583253,0.30583435288975996
0,курение___88,0.23254645900172174,0.40505129225857966,0.15797840524170917,0.2651920521673368
0,курение__sm_1,0.3321535847154237,0.390616311852414,0.35884456234416645,0.3605381529706681
0,курение__sm_1,0.753975128868247,0.6608372733241564,0.8326133346089376,0.7491419122671137
1,курение__sm_1,0.9633795757536175,0.8646069482619521,0.9531711058313637,0.927052543282311
1,курение__sm_1,0.8821883166154152,0.7211116126742907,0.9217404103275193,0.8416801132057418
0,курение__sm_1,0.33811735948964405,0.41252517382356474,0.16033485462850913,0.303659129313906
0,курение__sm_1,0.8204987759509734,0.5538641091531085,0.788360865222156,0.7209079167754125
0,курение__sm_1,0.1842459874466902,0.38602357519588903,0.18077694737719166,0.25034883667325697
0,курение__sm_1,0.3590917101552262,0.33851827265422796,0.16800496983575178,0.288538317548402
0,курение__sm_1,0.20874690476281504,0.480788247630149,0.40282689171210934,0.3641206813683578
0,курение__sm_1,0.2853459763647663,0.44241645129463547,0.24321786211635937,0.32366009659192035
0,курение__sm_1,0.29290102094591197,0.4287735617724405,0.2990898937139762,0.3402548254774429
0,курение__sm_1,0.8883002190479988,0.6756402564254973,0.9202278252631906,0.8280561002455622
1,курение__sm_2,0.878420451037916,0.7199696700679461,0.8658313045187084,0.8214071418748569
1,курение__sm_2,0.9260932729993,0.7727863541727467,0.8985747849378958,0.8658181373699808
0,курение__sm_3,0.13459971181074637,0.322354609588898,0.17773989119083416,0.2115647375301595
0,курение__sm_3,0.14005867468960362,0.2288016019641062,0.07158978390358431,0.14681668685243135
0,курение__sm_3,0.49586049475536365,0.4939689675537865,0.3137439783796695,0.4345244802296066
0,курение__sm_3,0.8166950866058162,0.7240692295093356,0.930877176554306,0.8238804975564861
1,курение__sm_4,0.9685255596126412,0.9325123164723287,0.9192398236249042,0.940092566569958
1,курение__sm_5,0.8542211201601967,0.666480669037042,0.8286647892147961,0.7831221928040115
1,курение__sm_6,0.2318472600823097,0.2764387734376349,0.33379759531061354,0.2806945429435194
1,курение__sm_6,0.3986634335666774,0.335384631608099,0.13476001496154819,0.28960269337877487
1,курение__sm_6,0.2412251644350035,0.3649619546186361,0.11182151935390353,0.23933621280251438
0,курение__sm_6,0.10644040519765374,0.272973842008139,0.09536637357750856,0.1582602069277671
1,курение__sm_9,0.9288434555608822,0.8954309832107489,0.9581867465232964,0.9274870617649759
0,курение__sm_y_2,0.5262907034545709,0.5308160614447013,0.4157982517273317,0.4909683388755346
0,курение__sm_y_2,0.14833881620565526,0.26992520504371903,0.06220710647898332,0.1601570425761192
1,курение__smoking_Jar_1,0.14463179335073595,0.24657586550244578,0.05246043185565369,0.14788936356961183
1,курение__smoking_Jar_2,0.3135889071342939,0.6368021527473768,0.6613799082355047,0.5372569893723919
0,лжекурение__1_drink,0.5258611119640532,0.42329980040231874,0.5808085155775025,0.5099898093146248
0,лжекурение__1_drink,0.4551266252567453,0.3343505569702127,0.4589932740230706,0.41615681875000954
0,лжекурение__1_drink,0.4186153293194307,0.35446761466627374,0.48930347813903313,0.4207954740415792
0,лжекурение__1_drink,0.5642954354663297,0.34218515444708275,0.45767489958120233,0.45471849649820495
0,лжекурение__2025_11_06_08_13_58,0.12772900222314526,0.2523102936223282,0.09709255136728782,0.15904394907092043
0,лжекурение__2025_11_06_08_13_58,0.11115825442128298,0.28100325783904023,0.18135722135348908,0.1911729112046041
0,лжекурение__2025_11_06_08_13_58,0.409380952269996,0.36653334668023296,0.312268669020071,0.36272765599010004
0,лжекурение__2025_11_06_08_13_58,0.13495388322529916,0.3118884054615937,0.15663478274984147,0.2011590238122448
0,лжекурение__2025_11_06_08_13_58,0.12574563985705683,0.22169108496480647,0.05900701667514924,0.13548124716567084
0,лжекурение__2025_11_06_08_13_58,0.1723048023520513,0.2593251568025924,0.11032687199383759,0.18065227704949374
0,лжекурение__2025_11_06_08_13_58,0.5260566298216073,0.4546885012499895,0.7358181086115929,0.5721877465610632
0,лжекурение__2025_11_06_08_13_58,0.11910785515567379,0.24642645846130312,0.11343993796141223,0.15965808385946303
0,лжекурение__2025_11_06_08_13_58,0.15809470392138145,0.2489894936736122,0.07225721617122004,0.15978047125540457
0,лжекурение__2025_11_06_08_13_58,0.19595271793551103,0.23909880417851354,0.09234060850387056,0.17579737687263172
0,лжекурение__2025_11_06_08_15_57,0.13865105327968263,0.20420930224499437,0.03807177379283858,0.12697737643917187
0,лжекурение__2025_11_06_08_15_57,0.15962403778198303,0.2449616460729355,0.1261482901668058,0.1769113246739081
0,лжекурение__2025_11_06_08_15_57,0.16700226731604811,0.21811476101303479,0.0718755613516832,0.15233086322692205
0,лжекурение__2025_11_06_08_15_57,0.11992901587910017,0.19800411133681636,0.043069918598102476,0.12033434860467301
0,лжекурение__2025_11_06_08_19_11,0.14412834389163895,0.23372912066890122,0.052806119334298685,0.14355452796494628
0,лжекурение__2025_11_06_08_19_11,0.46002323533844225,0.33255158885626673,0.14513068768400667,0.31256850395957186
0,лжекурение__2025_11_06_08_19_11,0.22726353683112324,0.25939987102375606,0.07663147977022285,0.18776496254170072
0,лжекурение__2025_11_06_08_19_11,0.15628560166165859,0.22897650180618578,0.04216153551207374,0.1424745463266394
0,лжекурение__2025_11_06_08_19_11,0.1476034146958358,0.2288369649805917,0.04040521030602597,0.13894852999415117
0,лжекурение__2025_11_06_08_19_11,0.14151884980417742,0.2561313387986412,0.11322515260111524,0.1702917804013113
0,лжекурение__2025_11_06_08_19_11,0.14984352234726964,0.19792450433571734,0.04512116505097889,0.13096306391132198
0,лжекурение__2025_11_06_08_23_06,0.6596453842258093,0.36898212816855247,0.2241875341329295,0.4176050155090971
0,лжекурение__2025_11_06_08_33_31,0.22222253694972216,0.26109939265016135,0.23729601758334615,0.2402059823944099
0,лжекурение__2025_11_06_08_33_31,0.14352986952049052,0.24920640070330569,0.07092374050332313,0.15455333690903977
0,лжекурение__2025_11_06_08_33_31,0.1322200127627338,0.25749961601999427,0.09103546288101484,0.16025169722124763
0,лжекурение__2025_11_06_08_33_31,0.30424856908517756,0.3964473002875635,0.30100061130990796,0.3338988268942163
0,лжекурение__2025_11_06_08_33_31,0.27283892429763607,0.29418707917401277,0.10179977170372649,0.22294192505845842
0,лжекурение__2025_11_06_08_33_31,0.1622451882167405,0.25368521838386804,0.07788450681775447,0.16460497113945435
0,лжекурение__2025_11_06_08_33_31,0.12186657043629086,0.305356748008667,0.13959363979515377,0.18893898608003723
0,лжекурение__2025_11_06_08_33_31,0.12365360562199657,0.3051843401066599,0.14395273962615046,0.19093022845160232
0,лжекурение__2025_11_06_08_33_31,0.24373275036211198,0.3159740931933077,0.14456314220238356,0.23475666191926772
0,лжекурение__2025_11_06_08_33_31,0.14477263418727088,0.24239459515259748,0.0759031755702917,0.15435680163672003
0,лжекурение__2025_11_06_08_33_31,0.5328298690135495,0.395442362628022,0.20359584785231513,0.3772893598312956
0,лжекурение__2025_11_06_08_33_31,0.2765364073625202,0.2736758026477712,0.3359866926071034,0.2953996342057983
0,лжекурение__2025_11_06_08_33_31,0.1254638794341021,0.19472517381608617,0.07640647463763399,0.13219850929594076
0,лжекурение__2025_11_06_08_35_37,0.4242773733314361,0.3556785925734943,0.2188002434194583,0.3329187364414629
0,лжекурение__2025_11_06_08_35_37,0.2766156797881763,0.24070562010929564,0.11791086235340051,0.21174405408362415
0,лжекурение__2025_11_06_08_35_37,0.2224659553705714,0.4678914320842319,0.19306322575989004,0.2944735377382311
0,лжекурение__2025_11_06_08_35_37,0.14077673659484935,0.2548630339551937,0.12140027046946784,0.172346680339837
0,лжекурение__2025_11_06_08_35_37,0.15246681224906206,0.20662550963444287,0.07336853997432283,0.14415362061927592
0,лжекурение__2025_11_06_08_35_37,0.16723448139701852,0.23300661907981612,0.07192210228146904,0.1573877342527679
0,лжекурение__2025_11_06_08_35_37,0.2831805537511061,0.2704310871581777,0.13690345327392245,0.23017169806106877
0,лжекурение__2025_11_06_08_35_37,0.14149718919621204,0.26151076246959415,0.12279021030536322,0.17526605399038978
0,лжекурение__2025_11_06_08_35_37,0.12639701888420268,0.22092814791554183,0.06782521750959605,0.13838346143644686
0,лжекурение__2025_11_06_08_35_37,0.12293492141361514,0.37575767123236076,0.17017468307199127,0.2229557585726557
0,лжекурение__2025_11_06_08_35_37,0.13746759088561225,0.3893756104357017,0.17705286810412937,0.23463202314181442
0,лжекурение__2025_11_06_08_35_37,0.36284329009407723,0.3983191197645574,0.18319714197706166,0.3147865172785655
0,лжекурение__2025_11_06_08_35_37,0.145524293698553,0.25584015989748293,0.08809677987866578,0.16315374449156722
0,лжекурение__2025_11_06_08_35_37,0.16083764222022684,0.31979593354251407,0.2088842972775251,0.22983929101342201
0,лжекурение__drinking_Jar,0.5144554182524876,0.5570016836455026,0.753713303017387,0.6083901349717924
0,лжекурение__drinking_Jar,0.17451101344324363,0.37969711766689246,0.2594046638649812,0.27120426499170575
0,лжекурение__drinking_Jar,0.14561320062910596,0.3153912917460223,0.0775756515301234,0.17952671463508388
0,лжекурение__drinking_Jar,0.19619355592948468,0.42550351616950355,0.5380909355159675,0.3865960025383186
0,лжекурение__drinking_Jar,0.17195634301053403,0.41080675281259493,0.20706521770876388,0.26327610451063094
0,лжекурение__drinking_Jar,0.35136333720884255,0.5311771499893444,0.2480577720837392,0.37686608642730873
1,лжекурение__smoking_noyabrsk_2,0.8399156192094714,0.6517184130054261,0.8463223932109519,0.7793188084752831
1,лжекурение__smoking_noyabrsk_2,0.8350238471007462,0.8564892296664844,0.8305842782114222,0.8406991183262176
1,лжекурение__smoking_noyabrsk_2,0.843234576568441,0.8070421044815751,0.8262663770181051,0.8255143526893738
1,лжекурение__smoking_noyabrsk_2,0.8354918749616053,0.7966196654712128,0.8226238121390764,0.8182451175239649
1,лжекурение__smoking_noyabrsk_2,0.8580998987388122,0.8474240437477144,0.8588554780730785,0.8547931401865351
1,лжекурение__smoking_noyabrsk_2,0.8561323532437536,0.8718218667308284,0.8733848778974764,0.8671130326240194
1,лжекурение__smoking_noyabrsk_2,0.8714654256482822,0.8193866394770242,0.8722639822949526,0.854372015806753
1,лжекурение__smoking_noyabrsk_2,0.898179759081283,0.8867409280824414,0.9140905840487793,0.8996704237375012
1,лжекурение__smoking_noyabrsk_2,0.7791578252635558,0.7859435487187116,0.8634363701126629,0.8095125813649768
1,лжекурение__smoking_noyabrsk_2,0.8951150889042573,0.9176148341742627,0.9134883372361658,0.9087394201048952
1,лжекурение__smoking_noyabrsk_2,0.9019220536019583,0.8482185342566402,0.8944473961451342,0.8815293280012443
1,лжекурение__smoking_noyabrsk_2,0.9763809712150907,0.9207850247456207,0.9014243206559325,0.9328634388722147
1,лжекурение__smoking_noyabrsk_2,0.8691509177838082,0.8618338239382851,0.8816207124807717,0.8708684847342884
1,лжекурение__smoking_noyabrsk_2,0.900352034151261,0.912064922182066,0.9143571156567816,0.9089246906633696
1,лжекурение__smoking_noyabrsk_2,0.8792137233652756,0.8285164566181507,0.8706969605624353,0.8594757135152872
1,лжекурение__smoking_noyabrsk_2,0.9235134860523975,0.9323931992139549,0.9167582736881679,0.92422165298484
1,лжекурение__smoking_noyabrsk_2,0.8847741542398229,0.8489489932787428,0.8848019646552425,0.872841704057936
1,лжекурение__smoking_noyabrsk_3,0.8693943853492178,0.6455101774540297,0.9332301953387958,0.8160449193806811
1,лжекурение__smoking_noyabrsk_3,0.8375051101093094,0.7313573424915353,0.850226771041356,0.8063630745474001
1,лжекурение__smoking_noyabrsk_3,0.8275384878609027,0.6957946779075931,0.8740091747943748,0.7991141135209568
1,лжекурение__smoking_noyabrsk_3,0.8040280610408448,0.7243178790066047,0.8813841827027733,0.8032433742500743
1,лжекурение__smoking_noyabrsk_3,0.874265573273979,0.8077787646914546,0.8677487688191846,0.8499310355948727
1,лжекурение__smoking_noyabrsk_3,0.8572445485067025,0.77747790569697,0.8664045581201784,0.8337090041079502
1,лжекурение__smoking_noyabrsk_3,0.9999945363038216,0.9952735394637979,0.9280002611918663,0.9744227789864953
1,лжекурение__smoking_noyabrsk_3,0.8950147774935473,0.8002451725481821,0.9547488564274991,0.8833362688230761
1,лжекурение__smoking_noyabrsk_3,0.8152877775641137,0.6468200408455866,0.8886045780809735,0.7835707988302246
1,лжекурение__smoking_noyabrsk_3,0.7276438072304421,0.6167127393279159,0.8048581472515102,0.7164048979366227
1,лжекурение__smoking_noyabrsk_3,0.9708552362030792,0.8236162599809187,0.8151688432126372,0.8698801131322117
0,лжекурение__распитие,0.15026811030681791,0.2688521903351463,0.08711296735771008,0.1687444226665581
0,лжекурение__распитие,0.22339123853558301,0.4145991817668933,0.15242089458200098,0.2634704382948258
0,лжекурение__распитие,0.3123199120327374,0.40251566670162287,0.17283309513033185,0.2958895579548974
0,лжекурение__распитие_2,0.38284720885689144,0.41833326290834105,0.26657688719952705,0.35591911965491985
0,лжекурение__распитие_2,0.1370704936650437,0.29494810800368787,0.17274904382993134,0.20158921516622097
0,лжекурение__распитие_2,0.8376202276509457,0.5953157705849066,0.9576203836803483,0.7968521273054002
0,лжекурение__распитие_2,0.10225082457574561,0.3219540879620805,0.1743078353347437,0.1995042492908566
0,лжекурение__распитие_2,0.14731376690419232,0.2634469184687539,0.14357327909561707,0.18477798815618773
